<expr>,capture.hostname,Client/Zone,traffic,
/TISH/1230,acc-capture-ny1-01,86,3941738524553,
/INDS/WC,acc-capture-sv2-02,82,1789244787202,
/INDS/PAS2,acc-capture-sv2-02,77,1368353267148,
/INDS/PCM,acc-capture-atl-01,71,168440384,
/INDS/WM,acc-capture-ny2-02,70,418981298016,
/INDS/WM,acc-capture-ny2-01,70,391107908396,
/INDS/DEM,acc-capture-atl-01,70,148799098,
/INDS/LA3,acc-capture-sv2-02,69,1676855918873,
/HUGO/KEAR,acc-capture-ny1-01,68,2193008229692,
/INDS/DART,acc-capture-ny1-01,68,1682747774499,
/INDS/NPB,acc-capture-sv2-01,65,1601543623731,
/INDS/STP,acc-capture-ny1-01,64,1523840883513,
/INDS/NYC,acc-capture-ny1-01,63,2673141428561,
/INDS/FSQ,acc-capture-sv2-01,61,1397628226345,
/EXEC/HIP,acc-capture-ny1-01,61,1089299197139,
/FOUR/LAND,acc-capture-ny1-01,60,2072955946899,
/INDS/GLEN,acc-capture-sv2-01,60,1862213452581,
/INDS/6060,acc-capture-sv2-02,60,1233823209586,
/INDS/SAN2,acc-capture-sv2-02,60,1157653708351,
/INDS/909,acc-capture-ny2-02,60,339155376885,
/INDS/909,acc-capture-ny2-01,60,303435342732,
/INDS/ABER,acc-capture-ny2-01,60,303431647621,
/INDS/ABER,acc-capture-ny2-02,58,337781577758,
/INDS/PLA,acc-capture-tx-01,57,1396278264232,
/INDS/TOR,acc-capture-ny2-01,55,217169632494,
/INDS/TOR,acc-capture-ny2-02,55,215911069095,
/UNI/BUF,acc-capture-ny2-02,55,94927442508,
/UNI/BUF,acc-capture-ny2-01,55,86487396736,
/INDS/BEL,acc-capture-se2-01,54,1320570212917,
/INDS/HY,acc-capture-ny2-01,53,550919687979,
/INDS/BCK,acc-capture-atl-01,53,78518367,
/INDS/PHX2,acc-capture-sv2-01,52,1376195146696,
/INDS/HY,acc-capture-ny2-02,52,612939193043,
/INDS/TAM2,acc-capture-atl-01,52,129656595,
/INDS/MIA,acc-capture-atl-01,51,197583684,
/INDS/TAM3,acc-capture-atl-01,51,72358678,
/INDS/LAS,acc-capture-ny2-02,50,242986310444,
/INDS/LAS,acc-capture-ny2-01,50,216933948484,
/INDS/BK,acc-capture-ny1-01,48,1068299828646,
/INDS/KC,acc-capture-tx-01,48,948051144560,
/CARR/1455,acc-capture-ny2-01,48,499028770245,
/INDS/BET,acc-capture-ny2-01,48,105654147757,
/INDS/BET,acc-capture-ny2-02,48,101084748321,
/INDS/1PP,acc-capture-ny1-01,47,2560144176902,
/INDS/AUS,acc-capture-tx-01,47,922047555415,
/CARR/1455,acc-capture-ny2-02,47,513503908225,
/INDS/MIA5,acc-capture-atl-01,47,97528535,
/INDS/SC,acc-capture-atl-01,47,90453444,
/TISH/VAR,acc-capture-ny1-01,46,1608397544250,
/INDS/NYC5,acc-capture-ny1-01,46,1149342432486,
/VX/DEN2,acc-capture-tx-01,46,979067173001,
/INDS/TEM,acc-capture-sv2-02,46,595457278949,
/INDS/CARM,acc-capture-ny2-02,46,241643753983,
/INDS/CARM,acc-capture-ny2-01,46,234231311133,
/INDS/SD,acc-capture-sv2-01,45,2109929539604,
/INDS/DED,acc-capture-ny1-01,45,1033328309689,
/INDS/DIV,acc-capture-ny2-01,45,296130557450,
/INDS/DIV,acc-capture-ny2-02,45,254634425488,
/INDS/HOU2,acc-capture-tx-01,44,1428799159181,
/INDS/BOULD,acc-capture-sv2-02,44,1197110462511,
/CARR/DIA,acc-capture-ny1-01,44,644625154780,
/INDS/ROSE,acc-capture-ny1-01,44,547515846127,
/INDS/NYC8,acc-capture-ny2-01,44,208189154045,
/INDS/PLA,acc-capture-ny1-01,44,1794878448,
/MAY/WAU,acc-capture-ny1-01,43,2698425489562,
/INDS/CHAR,acc-capture-ny1-01,43,1404173864580,
/INDS/BK2,acc-capture-ny1-01,43,713918859861,
/INDS/NYC8,acc-capture-ny2-02,43,209088216387,
/INDS/DC2,acc-capture-ny2-02,43,131211050646,
/INDS/DC2,acc-capture-ny2-01,43,112671884472,
/ES/MS,acc-capture-ny1-01,42,2052556207217,
/SER/KAN,acc-capture-tx-01,42,1212115123923,
/INDS/COL2,acc-capture-ny2-02,42,555277951931,
/INDS/COL2,acc-capture-ny2-01,42,498334473059,
/INDS/DC,acc-capture-ny2-02,42,205051364992,
/TISH/BEV,acc-capture-sv2-02,41,899864083083,
/ES/MS,acc-capture-ny2-01,41,801146909731,
/ES/MS,acc-capture-ny2-02,41,749245021997,
/INDS/323,acc-capture-ny2-01,41,403589661466,
/INDS/DC,acc-capture-ny2-01,41,218366955286,
/INDS/BOST,acc-capture-ny2-01,41,171577352414,
/INDS/BOST,acc-capture-ny2-02,41,158660739352,
/INDS/DC3,acc-capture-ny1-01,40,713359072202,
/INDS/323,acc-capture-ny2-02,40,371694725637,
/JLL/RES,acc-capture-ny2-02,40,72388693323,
/JLL/RES,acc-capture-ny2-01,40,71391524554,
/INDS/BLS,acc-capture-ny1-01,39,899895075682,
/INDS/MAN,acc-capture-ny2-02,39,247781772935,
/INDS/MAN,acc-capture-ny2-01,39,240099299427,
/VX/OAK,acc-capture-ny2-02,39,166689431201,
/VX/OAK,acc-capture-ny2-01,39,155534913513,
/INDS/101,acc-capture-atl-01,39,42457941,
/TISH/42,acc-capture-ny1-01,38,2355387516717,
/ES/MS,acc-capture-tx-01,38,1691068754199,
/INDS/PIT2,acc-capture-ny1-01,38,1350707466425,
/INDS/HUD,acc-capture-ny1-01,38,1112477900966,
/INDS/CH,acc-capture-ny1-01,38,710286129789,
/JLL/CHES,acc-capture-ny1-01,38,652855741649,
/INDS/ARL2,acc-capture-ny1-01,37,2224720972767,
/INDS/SFL,acc-capture-sv2-02,37,999823837403,
/INDS/PHI2,acc-capture-ny2-02,37,203998844806,
/INDS/1801,acc-capture-sv2-01,36,992115860837,
/CARR/MAM,acc-capture-ny1-01,36,419141844135,
/SER/WSP,acc-capture-ny2-01,36,309744943694,
/SER/WSP,acc-capture-ny2-02,36,298457444557,
/INDS/NYC7,acc-capture-ny2-01,36,221215516060,
/INDS/NYC7,acc-capture-ny2-02,36,206056981679,
/INDS/PHI2,acc-capture-ny2-01,36,187682948944,
/INDS/PHX2,acc-capture-tx-01,36,3941921616,
/INDS/IRV2,acc-capture-sv2-01,34,8298309967085,
/CC/PLA,acc-capture-ny1-01,34,594579248516,
/INDS/1722,acc-capture-tx-01,34,588311346267,
/FUSE/PRO,acc-capture-tx-01,34,334812058413,
/TISH/300,acc-capture-ny2-01,34,259695089656,
/TISH/300,acc-capture-ny2-02,34,233897697610,
/CARR/4800,acc-capture-ny2-02,34,192017968412,
/CARR/4800,acc-capture-ny2-01,34,177446886123,
/INDS/PAS,acc-capture-sv2-01,33,1164469801148,
/CC/PLA,acc-capture-tx-01,33,632705533912,
/INDS/IRV,acc-capture-sv2-01,33,581199874792,
/INDS/NYC4,acc-capture-ny2-02,33,462766512676,
/INDS/NYC4,acc-capture-ny2-01,33,424419446055,
/TISH/BOS,acc-capture-ny2-01,33,78968111140,
/INDS/WPB,acc-capture-atl-01,33,62243701,
/INDS/PAL,acc-capture-sv2-02,32,1813453266310,
/INDS/TYS,acc-capture-ny2-01,32,295209984874,
/CC/PLA,acc-capture-ny2-01,32,271145051959,
/CC/PLA,acc-capture-ny2-02,32,261090943245,
/INDS/PHI3,acc-capture-ny2-01,32,145737973317,
/INDS/PHI3,acc-capture-ny2-02,32,144648749034,
/TISH/BOS,acc-capture-ny2-02,32,69858925176,
/INDS/DC3,acc-capture-ny2-02,32,158386831,
/INDS/DC3,acc-capture-ny2-01,32,125851603,
/INDS/MIA4,acc-capture-atl-01,32,57338718,
/LAU/DC2,acc-capture-ny1-01,31,2013261378417,
/INDS/135,acc-capture-ny1-01,31,1236019904770,
/CARR/LAS,acc-capture-ny1-01,31,661060885488,
/LAU/DC2,acc-capture-ny2-01,31,599930614322,
/LAU/DC2,acc-capture-ny2-02,31,595102722992,
/CARR/WIS,acc-capture-ny1-01,31,576110072588,
/PREM/IRV,acc-capture-sv2-01,31,541892218944,
/INDS/TYS,acc-capture-ny2-02,31,419744898539,
/INDS/1411,acc-capture-ny2-01,31,366165393274,
/INDS/1411,acc-capture-ny2-02,31,345963008419,
/INDS/AUS2,acc-capture-tx-01,30,1050581199282,
/CC/NCE,acc-capture-tx-01,30,788779451530,
/INDS/DFM,acc-capture-tx-01,30,677637642435,
/OLI/CAR,acc-capture-ny1-01,30,631518863641,
/INDS/233,acc-capture-ny2-01,30,589851854058,
/CARR/LIB,acc-capture-ny1-01,30,432941007743,
/INDS/233,acc-capture-ny2-02,30,395867142664,
/CARR/TYS,acc-capture-ny1-01,30,361126073283,
/INDS/LA5,acc-capture-sv2-02,30,359439682961,
/SER/MAR,acc-capture-atl-01,30,59939365,
/INDS/BOST4,acc-capture-ny1-01,29,751265738575,
/VX/ARL,acc-capture-ny2-02,29,671983157310,
/VX/ARL,acc-capture-ny2-01,29,577041090289,
/LAU/DC2,acc-capture-tx-01,29,452433576314,
/INDS/NYC3,acc-capture-ny1-01,29,436735440914,
/SER/MEM,acc-capture-tx-01,29,261775780297,
/SER/ORL,acc-capture-ny1-01,29,99299319,
/INDS/STY,acc-capture-atl-01,29,44231213,
/INDS/2033,acc-capture-sv2-01,28,900933885226,
/INDS/SLC2,acc-capture-sv2-01,28,842446443009,
/YO/CH,acc-capture-ny1-01,28,243990175897,
/INDS/ARL,acc-capture-ny2-02,28,225844448512,
/INDS/ARL,acc-capture-ny2-01,28,213943980724,
/INDS/PHI,acc-capture-ny2-02,28,204284027658,
/INDS/PHI,acc-capture-ny2-01,28,180683896518,
/INDS/NSH,acc-capture-atl-01,28,122515389,
/INDS/CM,acc-capture-sv2-01,27,1853746400173,
/CARR/300,acc-capture-ny1-01,27,299155527532,
/INDS/MIN1,acc-capture-ny2-01,27,118277076294,
/INDS/MIN1,acc-capture-ny2-02,27,91508646109,
/JLL/RES,acc-capture-ny1-01,27,4668608947,
/INDS/TEM,acc-capture-sv2-01,27,23303666,
/FUSE/HOU,acc-capture-tx-01,26,927469212573,
/INDS/NYC6,acc-capture-ny1-01,26,857640821109,
/INDS/SAN,acc-capture-sv2-02,26,602003466762,
/INDS/2311,acc-capture-ny1-01,26,589462601083,
/INDS/CHI2,acc-capture-ny1-01,26,318417105555,
/INDS/SH,acc-capture-ny2-02,26,197502436660,
/INDS/SH,acc-capture-ny2-01,26,191226684391,
/CARR/ELW,acc-capture-ny2-01,26,178623103297,
/CARR/ELW,acc-capture-ny2-02,26,175607006444,
/INDS/AUS3,acc-capture-tx-01,25,781090718564,
/HINE/HOU2,acc-capture-tx-01,25,622521776390,
/SER/MAD,acc-capture-ny1-01,25,245170703052,
/INDS/IND,acc-capture-ny2-02,25,104492498434,
/INDS/IND,acc-capture-ny2-01,25,96311647953,
/CARR/ER,acc-capture-ny2-01,25,42137088356,
/CARR/ER,acc-capture-ny2-02,25,36447922050,
/CC/DAL,acc-capture-tx-01,24,1226397653532,
/INDS/JC,acc-capture-ny1-01,24,981343148054,
/SCC/350,acc-capture-ny1-01,24,410347541522,
/JLL/15,acc-capture-ny1-01,24,408388399925,
/CARR/KST,acc-capture-ny1-01,24,345440908712,
/SYW/HQ,acc-capture-ny2-02,24,263441396519,
/SYW/HQ,acc-capture-ny2-01,24,261389709537,
/INDS/ARL2,acc-capture-ny2-01,24,411806492,
/INDS/LA1,acc-capture-sv2-02,23,3418878222460,
/CC/FW,acc-capture-tx-01,23,656784231225,
/TISH/CHI,acc-capture-ny2-02,23,647498589003,
/JLL/DIS,acc-capture-ny1-01,23,494334585919,
/TISH/CHI,acc-capture-ny2-01,23,451943110617,
/TISH/AQWA,acc-capture-ny1-01,23,398138496432,
/DD/WB,acc-capture-ny1-01,23,397317082287,
/INDS/POR,acc-capture-sv2-02,23,361527158983,
/NYCOS/AA,acc-capture-ny2-01,23,278866599817,
/NYCOS/AA,acc-capture-ny2-02,23,273681475177,
/INDS/CHI3,acc-capture-ny2-01,23,147101485472,
/INDS/CHI3,acc-capture-ny2-02,23,137217790885,
/INDS/ARL2,acc-capture-ny2-02,23,469952950,
/INDS/STP,acc-capture-tx-01,23,2719540,
/INDS/PHX,acc-capture-sv2-01,22,747216422092,
/HINE/HOU,acc-capture-tx-01,22,411850224703,
/SER/CLA,acc-capture-tx-01,22,276392674567,
/TISH/DC,acc-capture-ny2-01,22,171436090911,
/TISH/DC,acc-capture-ny2-02,22,157750920645,
/INDS/RAL2,acc-capture-ny2-01,22,132536874509,
/TISH/AQWA,acc-capture-ny2-01,22,130427269260,
/INDS/RAL2,acc-capture-ny2-02,22,125787176916,
/TISH/AQWA,acc-capture-ny2-02,22,125392905790,
/CARR/3033,acc-capture-ny2-01,22,91074439659,
/CARR/3033,acc-capture-ny2-02,22,85888178805,
/INDS/323,acc-capture-tx-01,22,390207067,
/THR/CH,acc-capture-atl-01,22,31669259,
/KILN/PC,acc-capture-ny1-01,21,2102895090316,
/INDS/SAN3,acc-capture-sv2-02,21,655816106128,
/KILN/PC,acc-capture-ny2-01,21,588389414711,
/KILN/PC,acc-capture-ny2-02,21,543146446889,
/INDS/SEA,acc-capture-sv2-02,21,438692848513,
/KILN/PC,acc-capture-tx-01,21,323836481994,
/SER/MNT,acc-capture-atl-01,21,28493284,
/EOO/AVI,acc-capture-sv2-02,20,588313192985,
/TISH/AQWA,acc-capture-tx-01,20,561978119055,
/VX/DEN,acc-capture-tx-01,20,440340694029,
/DD/ML,acc-capture-ny1-01,20,402181836331,
/INDS/CLAY,acc-capture-sv2-02,20,354149095953,
/INDS/PORT2,acc-capture-sv2-01,20,269089905016,
/VX/SA,acc-capture-tx-01,20,245524474049,
/INDS/DC7,acc-capture-ny2-01,20,114483886182,
/INDS/DC4,acc-capture-ny2-01,20,109006979501,
/INDS/DC7,acc-capture-ny2-02,20,104191990998,
/SYW/PB,acc-capture-ny2-02,20,100124318748,
/SYW/PB,acc-capture-ny2-01,20,93655784795,
/INDS/DC4,acc-capture-ny2-02,20,83855772034,
/CARR/745,acc-capture-ny2-01,20,69240317370,
/TW/VB,acc-capture-ny2-01,20,27000033291,
/TW/VB,acc-capture-ny2-02,20,24611920777,
/INDS/ARL,acc-capture-ny1-01,20,254120599,
/SER/KAN,acc-capture-ny1-01,20,3318840,
/TISH/CS,acc-capture-ny1-01,19,1016041379829,
/TISH/595,acc-capture-sv2-02,19,668233103563,
/SER/MCK,acc-capture-tx-01,19,291790712805,
/INDS/LA1,acc-capture-sv2-01,19,200573489809,
/MC/HOU,acc-capture-tx-01,19,140384358697,
/CARR/1701,acc-capture-ny2-02,19,135727230845,
/VX/HOLY,acc-capture-ny2-02,19,59691810625,
/VX/HOLY,acc-capture-ny2-01,19,58941755165,
/CARR/745,acc-capture-ny2-02,19,57248009181,
/SER/WP,acc-capture-ny2-01,18,103525749327,
/SER/WP,acc-capture-ny2-02,18,103381599351,
/JLL/CHI,acc-capture-ny2-01,18,93559311989,
/JLL/CHI,acc-capture-ny2-02,18,80864291914,
/INDS/COL2,acc-capture-ny1-01,18,2084559099,
/CARR/3033,acc-capture-ny1-01,18,40736940,
/TISH/333,acc-capture-sv2-01,17,870209065384,
/INDS/CAM,acc-capture-ny1-01,17,489166949477,
/SER/DEN2,acc-capture-tx-01,17,426214265891,
/FUSE/AUS,acc-capture-tx-01,17,312528976608,
/HELIX/295,acc-capture-ny2-01,17,168339669837,
/HELIX/295,acc-capture-ny2-02,17,157422692278,
/CARR/1701,acc-capture-ny2-01,17,132952374463,
/INDS/DC2,acc-capture-ny1-01,17,805259774,
/INDS/LA5,acc-capture-sv2-01,17,13672311,
/INDS/ROSE,acc-capture-ny2-02,17,10745574,
/SER/RID,acc-capture-ny1-01,16,758417259682,
/CARR/EMB,acc-capture-sv2-01,16,382163178618,
/SER/ROCH,acc-capture-ny2-02,16,240466164521,
/SER/ROCH,acc-capture-ny2-01,16,222133656914,
/SER/BUF2,acc-capture-ny2-01,16,138361757872,
/SER/BUF2,acc-capture-ny2-02,16,131896815847,
/INDS/BOST3,acc-capture-ny2-02,16,83374508064,
/CARR/1325,acc-capture-ny2-01,16,75430219262,
/INDS/BOST3,acc-capture-ny2-01,16,62770651894,
/CARR/1325,acc-capture-ny2-02,16,59241770278,
/COVE/AL,acc-capture-ny2-02,16,48062249836,
/COVE/AL,acc-capture-ny2-01,16,46847059224,
/UNI/BUF,acc-capture-ny1-01,16,5315539227,
/INDS/SH,acc-capture-ny1-01,16,2439755150,
/SER/ATL3,acc-capture-atl-01,16,167895375,
/LAU/CP,acc-capture-ny1-01,15,310476839158,
/JLL/LIC,acc-capture-ny1-01,15,174810784540,
/SER/RID,acc-capture-ny2-02,15,97372292059,
/SER/RID,acc-capture-ny2-01,15,96549085144,
/ES/MS,acc-capture-sv2-01,15,36638817017,
/INDS/BET2,acc-capture-ny2-02,15,23304219074,
/INDS/BET2,acc-capture-ny2-01,15,16505647813,
/INDS/DC4,acc-capture-ny1-01,15,445621410,
/INDS/1722,acc-capture-ny1-01,15,11204887,
/INDS/ROSE,acc-capture-ny2-01,15,4809854,
/KILN/PC,acc-capture-sv2-01,14,347797386084,
/SER/ROCH,acc-capture-ny1-01,14,338386226314,
/KILN/PC,acc-capture-sv2-02,14,260796021672,
/CARR/1050,acc-capture-ny1-01,14,165620513138,
/SER/NYC2,acc-capture-ny2-02,14,109502908671,
/SER/NYC2,acc-capture-ny2-01,14,78908768080,
/CC/PLA,acc-capture-sv2-01,14,60645865783,
/COVE/AL,acc-capture-ny1-01,14,56650698,
/JLL/LIC,acc-capture-ny2-02,13,273014086799,
/JLL/CRYS,acc-capture-ny2-01,13,142489341513,
/JLL/CRYS,acc-capture-ny2-02,13,138233037135,
/ADVAN/CC,acc-capture-ny1-01,13,116621413623,
/JLL/TYS,acc-capture-ny2-02,13,79437055298,
/NYCOS/420,acc-capture-ny2-02,13,57464326272,
/NYCOS/420,acc-capture-ny2-01,13,54921713241,
/LAU/MD1,acc-capture-ny2-01,13,39577814524,
/LAU/MD1,acc-capture-ny2-02,13,34758772626,
/INDS/ATM,acc-capture-atl-01,13,48975269,
/TISH/DC,acc-capture-ny1-01,13,15163958,
/INDS/CHAR,acc-capture-tx-01,13,622180,
/JLL/SEA,acc-capture-se2-01,12,254932116246,
/JLL/LIC,acc-capture-ny2-01,12,239816696895,
/INDS/DC9,acc-capture-ny1-01,12,236255691240,
/TISH/5TH,acc-capture-ny2-01,12,234541395580,
/TISH/5TH,acc-capture-ny2-02,12,218694612474,
/JLL/LIC,acc-capture-tx-01,12,156084039793,
/JLL/TYS,acc-capture-ny2-01,12,79223175285,
/ARP/VAN,acc-capture-se2-01,12,48154930673,
/KILN/PC,acc-capture-se2-01,12,42544003824,
/TW/VB,acc-capture-ny1-01,12,55028842,
/KILN/PC,acc-capture-atl-01,12,25207329,
/INDS/MIA4,acc-capture-tx-01,12,5195290,
/HUGO/KEAR,acc-capture-sv2-01,11,621927396108,
/CARR/SFL,acc-capture-sv2-02,11,350392143227,
/INDS/323,acc-capture-ny1-01,11,291753737783,
/ENT/5500,acc-capture-sv2-02,11,199274894688,
/LAU/DC2,acc-capture-sv2-02,11,72736799741,
/LAU/DC2,acc-capture-sv2-01,11,56685916665,
/TISH/CON,acc-capture-ny2-02,11,42243610894,
/TISH/CON,acc-capture-ny2-01,11,37137186008,
/TISH/AQWA,acc-capture-sv2-02,11,36521600999,
/SER/ROCH,acc-capture-tx-01,11,31338353136,
/DCW/GST,acc-capture-ny2-02,11,15981849813,
/DCW/GST,acc-capture-ny2-01,11,13741568442,
/DP/PL,acc-capture-ny2-02,11,8187777265,
/DP/PL,acc-capture-ny2-01,11,7889191382,
/INDS/CH,acc-capture-tx-01,11,113543136,
/JLL/CRYS,acc-capture-ny1-01,11,34236306,
/CC/PLA,acc-capture-sv2-02,11,1830903,
/JLL/NSH,acc-capture-ny1-01,10,652649799424,
/INDS/32,acc-capture-ny1-01,10,390141313758,
/ES/MS,acc-capture-sv2-02,10,263670787424,
/DD/CH,acc-capture-ny1-01,10,96750455484,
/BES/HOU,acc-capture-tx-01,10,89286222769,
/DCW/FAR,acc-capture-ny1-01,10,45555205383,
/INDS/IRV,acc-capture-ny1-01,10,37728065070,
/INDS/DC9,acc-capture-ny2-02,10,250099152,
/SER/DEN2,acc-capture-sv2-01,10,43447208,
/INDS/CLAY,acc-capture-sv2-01,10,24984174,
/ES/MS,acc-capture-atl-01,10,6801395,
/ARP/VAN,acc-capture-ny1-01,9,2250806459163,
/INDS/152,acc-capture-ny1-01,9,387642686673,
/ARP/VAN,acc-capture-ny2-02,9,255857083637,
/ARP/VAN,acc-capture-ny2-01,9,235648717477,
/ARP/VAN,acc-capture-tx-01,9,194309657057,
/TISH/CON,acc-capture-ny1-01,9,169121442535,
/ARP/VAN,acc-capture-sv2-01,9,136533695430,
/TISH/CON,acc-capture-tx-01,9,134558942224,
/CARR/IND,acc-capture-ny2-02,9,110101709042,
/CARR/IND,acc-capture-ny2-01,9,106486057252,
/JLL/NSH,acc-capture-ny2-01,9,84178265567,
/JLL/NSH,acc-capture-tx-01,9,67430378415,
/INDS/DC6,acc-capture-ny2-01,9,61275804544,
/INDS/DC6,acc-capture-ny2-02,9,56073569638,
/SYW/MAD,acc-capture-ny2-02,9,54576427201,
/CARR/CTA,acc-capture-ny1-01,9,44900896428,
/ES/MS,acc-capture-se2-01,9,9758066982,
/INDS/DC9,acc-capture-ny2-01,9,70463540,
/INDS/PAS,acc-capture-ny1-01,9,89330,
/VARI/SL,acc-capture-tx-01,8,4321341299424,
/WB/CH,acc-capture-ny1-01,8,1812623905548,
/INDS/6601,acc-capture-sv2-02,8,1552562193593,
/WB/CH,acc-capture-tx-01,8,1515195618545,
/NYCOS/733,acc-capture-ny2-01,8,949535002107,
/NYCOS/733,acc-capture-ny2-02,8,883064160657,
/SER/LA1,acc-capture-sv2-02,8,245224334864,
/JLL/NSH,acc-capture-ny2-02,8,91965147479,
/LV/CG,acc-capture-ny2-01,8,56493805057,
/SYW/MAD,acc-capture-ny2-01,8,51575227039,
/LAU/MD2,acc-capture-ny2-02,8,46649094078,
/LAU/MD2,acc-capture-ny2-01,8,42945530611,
/TISH/AQWA,acc-capture-sv2-01,8,29749637569,
/LV/CG,acc-capture-ny2-02,8,20344870504,
/INDS/135,acc-capture-ny2-02,8,4708040225,
/ARP/VAN,acc-capture-sv2-02,8,3274302533,
/DD/ML,acc-capture-ny2-02,8,177275800,
/DD/ML,acc-capture-ny2-01,8,20164609,
/INDS/PHI2,acc-capture-ny1-01,8,17298,
/SCC/CM,acc-capture-sv2-01,7,1624418700316,
/TISH/1270,acc-capture-ny1-01,7,1403798806034,
/ENT/300,acc-capture-sv2-01,7,936840779360,
/WB/CH,acc-capture-sv2-01,7,530917363005,
/WB/CH,acc-capture-ny2-02,7,512228167703,
/WB/CH,acc-capture-ny2-01,7,506758277093,
/ADVAN/LST,acc-capture-ny1-01,7,68657508309,
/INDS/135,acc-capture-ny2-01,7,5641828960,
/LAU/DC2,acc-capture-atl-01,7,10541265,
/INDS/DFM,acc-capture-sv2-01,7,1407082,
/SER/ATL2,acc-capture-ny1-01,7,304215,
/INDS/SEA,acc-capture-sv2-01,7,32240,
/INDS/6701,acc-capture-sv2-02,6,610088368544,
/OPT/AL,acc-capture-sv2-02,6,560513123399,
/ES/SM,acc-capture-ny1-01,6,225002487528,
/ES/SM,acc-capture-ny2-01,6,141719698537,
/ES/SM,acc-capture-ny2-02,6,113074853688,
/SER/RID,acc-capture-tx-01,6,89447971753,
/LBA/IRV2,acc-capture-sv2-01,6,49640668624,
/DCW/GT,acc-capture-ny1-01,6,30763710167,
/ARG/NYC,acc-capture-ny2-01,6,27784814579,
/ARG/NYC,acc-capture-ny2-02,6,19324706448,
/HELIX/535,acc-capture-ny1-01,6,8318259381,
/WB/CH,acc-capture-sv2-02,6,5630051941,
/INDS/IRV,acc-capture-sv2-02,6,44906656,
/JLL/NSH,acc-capture-atl-01,6,6720793,
/SER/BUF2,acc-capture-ny1-01,6,857399,
/LAU/MD2,acc-capture-ny1-01,6,170074,
/INDS/135,acc-capture-tx-01,6,151759,
/INDS/PHI2,acc-capture-tx-01,6,95208,
/INDS/135,acc-capture-sv2-01,6,73670,
/WAG/BX,acc-capture-ny1-01,5,248525238254,
/WB/CH,acc-capture-se2-01,5,170486423223,
/ALAW/IND,acc-capture-ny2-01,5,117247356145,
/JLL/LIC,acc-capture-sv2-02,5,84019783695,
/INDS/IRV2,acc-capture-sv2-02,5,69813594633,
/GWC/SA,acc-capture-tx-01,5,68642283722,
/TISH/45R,acc-capture-ny2-02,5,59500721929,
/DCW/RON,acc-capture-ny2-02,5,49290959493,
/TISH/45R,acc-capture-ny2-01,5,47707469695,
/DCW/RON,acc-capture-ny2-01,5,45377099708,
/SER/ROCH,acc-capture-sv2-01,5,36287229840,
/LAU/DC2,acc-capture-se2-01,5,29435100134,
/NEXUS/1201,acc-capture-ny2-02,5,20881390750,
/NEXUS/1201,acc-capture-ny2-01,5,15916040645,
/JLL/LIC,acc-capture-sv2-01,5,13089391846,
/ES/SM,acc-capture-tx-01,5,4883836282,
/LAU/DC1,acc-capture-ny2-02,5,3329279087,
/INDS/6060,acc-capture-sv2-01,5,17843008,
/ENT/300,acc-capture-sv2-02,5,11970542,
/TISH/AQWA,acc-capture-atl-01,5,9331770,
/ADVAN/CC,acc-capture-ny2-01,5,3215764,
/ADVAN/CC,acc-capture-ny2-02,5,2969477,
/ARP/VAN,acc-capture-atl-01,5,1145921,
/INDS/SFL,acc-capture-sv2-01,5,251215,
/SYW/MAD,acc-capture-ny1-01,5,227309,
/INDS/PAS,acc-capture-sv2-02,5,85748,
/CC/NCE,acc-capture-sv2-01,5,65938,
/INDS/BET,acc-capture-ny1-01,5,52545,
/WB/CH,acc-capture-atl-01,5,11345,
/VARI/COP,acc-capture-tx-01,4,3510616463567,
/MILL/BOS,acc-capture-ny1-01,4,1053537385644,
/SCC/CHI,acc-capture-ny2-02,4,417898949034,
/SCC/CHI,acc-capture-ny1-01,4,368723765368,
/SCC/CHI,acc-capture-ny2-01,4,351972022312,
/SER/80T,acc-capture-ny1-01,4,179347740908,
/INDS/SEA2,acc-capture-sv2-01,4,152478122516,
/SCC/CHI,acc-capture-tx-01,4,147792936116,
/ALAW/IND,acc-capture-ny2-02,4,113940138182,
/INDS/TOR2,acc-capture-ny1-01,4,110587543094,
/SER/DUB,acc-capture-ny1-01,4,41264831306,
/BLEND/NYC,acc-capture-ny1-01,4,32745873237,
/INDS/1PPC,acc-capture-ny1-01,4,19132336423,
/INDS/323,acc-capture-sv2-01,4,14756718078,
/LAU/DC1,acc-capture-ny2-01,4,2507450448,
/CC/PLA,acc-capture-atl-01,4,12500689,
/TISH/CON,acc-capture-atl-01,4,3913028,
/CC/PLA,acc-capture-se2-01,4,3025069,
/SCC/CHI,acc-capture-se2-01,4,2926066,
/DD/WB,acc-capture-ny2-02,4,2579580,
/INDS/ORL,acc-capture-atl-01,4,1860954,
/INDS/TAM,acc-capture-atl-01,4,1754883,
/INDS/SAN2,acc-capture-sv2-01,4,979982,
/DD/WB,acc-capture-ny2-01,4,934494,
/INDS/DC,acc-capture-ny1-01,4,290756,
/SYW/PB,acc-capture-ny1-01,4,289953,
/MC/HOU,acc-capture-sv2-02,4,207798,
/INDS/PHI2,acc-capture-sv2-01,4,107800,
/INDS/PHI2,acc-capture-sv2-02,4,16064,
/INDS/135,acc-capture-sv2-02,4,2818,
/INST/SM,acc-capture-ny1-01,3,1180426964099,
/INST/SM,acc-capture-tx-01,3,922493136027,
/INST/SM,acc-capture-sv2-01,3,691807941697,
/INST/SM,acc-capture-ny2-02,3,573505021820,
/INST/SM,acc-capture-ny2-01,3,570885349779,
/INST/SM,acc-capture-sv2-02,3,433086254906,
/CBRE/PAL,acc-capture-sv2-01,3,272733858069,
/TISH/1R,acc-capture-ny1-01,3,172560317123,
/CARR/POS,acc-capture-ny2-01,3,73329661066,
/CARR/POS,acc-capture-ny2-02,3,69639205953,
/TISH/CON,acc-capture-sv2-01,3,59292236967,
/INST/SM,acc-capture-se2-01,3,51032143053,
/INDS/NYC,acc-capture-ny2-01,3,32460650624,
/SAGE/NY,acc-capture-ny2-01,3,31813852422,
/SAGE/NY,acc-capture-ny2-02,3,28957176537,
/INDS/NYC,acc-capture-ny2-02,3,22272098470,
/CARR/LN,acc-capture-sv2-01,3,18201925658,
/LW/717,acc-capture-ny2-02,3,10508911270,
/LW/717,acc-capture-ny2-01,3,9091776823,
/SER/DUB,acc-capture-ny2-02,3,5545025806,
/TISH/525WM,acc-capture-ny2-01,3,4998200954,
/TISH/525WM,acc-capture-ny2-02,3,4020687340,
/SER/DUB,acc-capture-ny2-01,3,3472464951,
/JLL/NSH,acc-capture-sv2-01,3,2793526739,
/INDS/IRV,acc-capture-ny2-01,3,2392065385,
/INDS/IRV,acc-capture-ny2-02,3,2130811258,
/SER/CLA,acc-capture-ny1-01,3,1815358718,
/TISH/1270,acc-capture-ny2-02,3,1066150627,
/TISH/1270,acc-capture-ny2-01,3,965274684,
/SER/RID,acc-capture-sv2-01,3,496442491,
/ES/SM,acc-capture-sv2-01,3,182333885,
/INDS/IRV,acc-capture-tx-01,3,103487645,
/INDS/CP,acc-capture-ny1-01,3,52290854,
/INDS/SEA,acc-capture-tx-01,3,51010252,
/INDS/1PPC,acc-capture-ny2-02,3,39311946,
/INDS/323,acc-capture-sv2-02,3,31579589,
/ES/SM,acc-capture-atl-01,3,5299241,
/INDS/BEL,acc-capture-sv2-02,3,3959118,
/SCC/CHI,acc-capture-sv2-01,3,3559352,
/INDS/CP,acc-capture-atl-01,3,3001690,
/INDS/SEA,acc-capture-ny2-01,3,1499172,
/INDS/IRV,acc-capture-atl-01,3,1295219,
/SER/ROCH,acc-capture-sv2-02,3,304755,
/INDS/PHI2,acc-capture-atl-01,3,32026,
/TISH/AQWA,acc-capture-se2-01,3,15248,
/INDS/PAS,acc-capture-tx-01,3,13774,
/INDS/SEA,acc-capture-ny1-01,3,5784,
/INDS/IRV,acc-capture-se2-01,3,5068,
/INDS/PAS,acc-capture-ny2-02,3,2376,
/INDS/PAS,acc-capture-ny2-01,3,1948,
/SER/DUB,acc-capture-tx-01,2,100255946634,
/SER/NYC,acc-capture-ny1-01,2,41285068510,
/INDS/RAL,acc-capture-ny1-01,2,39763736481,
/INDS/BK2,acc-capture-ny2-01,2,14201321326,
/INDS/BK2,acc-capture-ny2-02,2,11383398159,
/INDS/MIA3,acc-capture-ny2-01,2,6761196056,
/INDS/MIA3,acc-capture-ny2-02,2,6142725095,
/JLL/DIS,acc-capture-ny2-02,2,423205540,
/INDS/DIV,acc-capture-ny1-01,2,415733023,
/TISH/CON,acc-capture-sv2-02,2,288110298,
/INDS/1PP,acc-capture-ny2-02,2,260117109,
/INDS/1PP,acc-capture-ny2-01,2,141366174,
/INDS/3424,acc-capture-ny1-01,2,46264387,
/BR/IRV,acc-capture-tx-01,2,9172372,
/MAY/WAU,acc-capture-tx-01,2,9135678,
/INDS/350,acc-capture-ny1-01,2,8513527,
/INDS/3424,acc-capture-atl-01,2,6493111,
/INDS/SEA,acc-capture-ny2-02,2,6398690,
/INDS/HUD,acc-capture-atl-01,2,3848830,
/SER/RID,acc-capture-atl-01,2,1952600,
/INDS/1PPC,acc-capture-ny2-01,2,1845921,
/INST/SM,acc-capture-atl-01,2,1668208,
/JLL/LIC,acc-capture-atl-01,2,1463671,
/INDS/MIA3,acc-capture-atl-01,2,920264,
/INDS/BOST,acc-capture-ny1-01,2,600903,
/SCC/CHI,acc-capture-atl-01,2,398512,
/INDS/RAL,acc-capture-ny2-02,2,158005,
/INDS/RAL,acc-capture-ny2-01,2,112837,
/INDS/LA3,acc-capture-sv2-01,2,26188,
/JLL/LIC,acc-capture-se2-01,2,358,
/INDS/AUS2,acc-capture-sv2-01,2,330,
/Local,acc-capture-ny1-01,1,11922868316030,
/Local,acc-capture-ny2-02,1,11075564435609,
/Public/Fallback,acc-capture-tx-01,1,10204137667954,
/Local,acc-capture-ny2-01,1,10100719893774,
/Public/Fallback,acc-capture-ny1-01,1,3887682643918,
/Local,acc-capture-sv2-01,1,2906656509015,
/Local,acc-capture-se2-01,1,2321312021881,
/Local,acc-capture-tx-01,1,2048985531313,
/Public/Fallback,acc-capture-se2-01,1,1836813113990,
/Public/Fallback,acc-capture-sv2-01,1,1753529086111,
/Local,acc-capture-sv2-02,1,1159437963788,
/Public/Fallback,acc-capture-sv2-02,1,1135198292537,
/Public/Fallback,acc-capture-ny2-02,1,876319140442,
/Public/Fallback,acc-capture-ny2-01,1,800555064599,
/BR/RES,acc-capture-tx-01,1,541908062018,
/BR/RES,acc-capture-ny1-01,1,334011266730,
/BR/RES,acc-capture-sv2-02,1,278078098328,
/LAU/VIR,acc-capture-ny2-01,1,149160466062,
/LAU/VIR,acc-capture-ny2-02,1,133271260190,
/HELIX/535,acc-capture-ny2-02,1,109894882554,
/SCC/CHI,acc-capture-sv2-02,1,108873711665,
/HELIX/535,acc-capture-ny2-01,1,59530600820,
/BR/RES,acc-capture-ny2-02,1,56442318837,
/SCC/SEA,acc-capture-se2-01,1,55407136279,
/BR/RES,acc-capture-ny2-01,1,46555626850,
/BR/RES,acc-capture-sv2-01,1,33733385512,
/TISH/WIL,acc-capture-sv2-02,1,9305109177,
/SER/ATL2,acc-capture-ny2-02,1,4295719670,
/SCC/1420,acc-capture-se2-01,1,3839304717,
/INDS/6601,acc-capture-sv2-01,1,2358974009,
/SCC/999,acc-capture-se2-01,1,2349949177,
/INDS/6701,acc-capture-sv2-01,1,1951871560,
/Local,acc-capture-atl-01,1,1822987309,
/SER/ATL2,acc-capture-ny2-01,1,1661831404,
/CARR/300,acc-capture-ny2-02,1,1131300549,
/INDS/BOST2,acc-capture-ny1-01,1,739156608,
/INDS/TEM,acc-capture-se2-01,1,698915425,
/CARR/300,acc-capture-ny2-01,1,571904178,
/ES/SM,acc-capture-se2-01,1,476987956,
/HWD/RAL2,acc-capture-ny2-02,1,367297441,
/JLL/DIS,acc-capture-ny2-01,1,357310166,
/HWD/RAL2,acc-capture-ny2-01,1,328023521,
/Public/Fallback,acc-capture-atl-01,1,158846765,
/SER/CT,acc-capture-ny1-01,1,95634842,
/SER/ORL,acc-capture-ny2-02,1,79805645,
/SER/BUF2,acc-capture-sv2-02,1,63338392,
/SER/ORL,acc-capture-ny2-01,1,46637432,
/SCC/SEA,acc-capture-sv2-01,1,26830024,
/TISH/CON,acc-capture-se2-01,1,21386462,
/HINE/HOU2,acc-capture-sv2-02,1,9862540,
/SER/NSH,acc-capture-ny1-01,1,3453748,
/INDS/MIN1,acc-capture-ny1-01,1,2885529,
/Local/Multicast,acc-capture-tx-01,1,2672831,
/Local/Multicast,acc-capture-ny1-01,1,2553693,
/SCC/1420,acc-capture-sv2-01,1,2447639,
/SCC/SEA,acc-capture-tx-01,1,1463949,
/Local/Multicast,acc-capture-se2-01,1,1361970,
/NYCOS/733,acc-capture-ny1-01,1,1002541,
/LAU/VIR,acc-capture-ny1-01,1,746547,
/INDS/NYC6,acc-capture-sv2-02,1,581113,
/Local/Multicast,acc-capture-sv2-02,1,566100,
/CARR/1455,acc-capture-sv2-01,1,535086,
/INDS/1801,acc-capture-atl-01,1,491125,
/Local/Multicast,acc-capture-sv2-01,1,453494,
/INDS/NYC6,acc-capture-ny2-01,1,235370,
/INDS/NYC6,acc-capture-ny2-02,1,223292,
/INDS/323,acc-capture-atl-01,1,166398,
/TISH/42,acc-capture-ny2-01,1,118554,
/TISH/42,acc-capture-ny2-02,1,107772,
/SER/BUF2,acc-capture-sv2-01,1,103866,
/NYCOS/AA,acc-capture-ny1-01,1,63699,
/INDS/1PPC,acc-capture-sv2-01,1,50306,
/INDS/135,acc-capture-atl-01,1,46402,
/INDS/NYC6,acc-capture-atl-01,1,41347,
/VX/DC,acc-capture-ny1-01,1,32942,
/SER/ROCH,acc-capture-se2-01,1,23768,
/INDS/SEA2,acc-capture-tx-01,1,13019,
/INDS/PAS,acc-capture-atl-01,1,9552,
/ENT/5500,acc-capture-sv2-01,1,9124,
/TISH/VAR,acc-capture-ny2-01,1,8390,
/INDS/ATL4,acc-capture-atl-01,1,7190,
/INDS/ATL4,acc-capture-tx-01,1,5801,
/TISH/VAR,acc-capture-ny2-02,1,5680,
/INDS/WM,acc-capture-atl-01,1,4026,
/SER/DUB,acc-capture-sv2-02,1,4007,
/Local/Multicast,acc-capture-ny2-02,1,3398,
/INDS/SEA2,acc-capture-ny2-02,1,3042,
/CARR/1455,acc-capture-ny1-01,1,2528,
/NYCOS/AA,acc-capture-tx-01,1,2528,
/INDS/1PPC,acc-capture-sv2-02,1,1862,
/INDS/MIA3,acc-capture-ny1-01,1,1808,
/INDS/SEA2,acc-capture-ny2-01,1,1482,
/INDS/1PPC,acc-capture-tx-01,1,1050,
/TISH/CS,acc-capture-ny2-01,1,1050,
/TISH/CS,acc-capture-ny2-02,1,1050,
/INDS/MIA3,acc-capture-tx-01,1,1040,
/INDS/PAS,acc-capture-se2-01,1,1022,
/CARR/LN,acc-capture-ny1-01,1,744,
/INDS/MIA3,acc-capture-sv2-01,1,534,
/SER/ROCH,acc-capture-atl-01,1,492,
/Local/Broadcast,acc-capture-ny1-01,1,471,
/INDS/TOR2,acc-capture-sv2-01,1,392,
/INDS/MIA3,acc-capture-sv2-02,1,350,
/INDS/2033,acc-capture-sv2-02,1,102,
/INDS/135,acc-capture-se2-01,1,70,
/SER/RID,acc-capture-sv2-02,1,70,
/HINE/HOU2,acc-capture-sv2-01,1,58,
